company_name,company_url,page_links,ai_resp
Larsen & Toubro,https://www.larsentoubro.com/,"['https://www.larsentoubro.com/corporate/media/', 'https://www.larsentoubro.com/corporate/contact-us/', 'https://investors.larsentoubro.com/', 'https://www.larsentoubro.com/#', 'https://www.larsentoubro.com/', 'https://www.larsentoubro.com/#', 'https://www.larsentoubro.com/', 'https://www.larsentoubro.com/corporate-arabic/', 'https://www.lntgreen.com/', 'https://www.larsentoubro.com/heavy-engineering/', 'https://www.lnthydrocarbon.com/', 'https://www.ltimindtree.com/', 'https://www.lntecc.com/', 'https://lntcmb.com/', 'https://www.ltfs.com/', 'https://www.lnthowden.com/', 'https://www.lnt-hydraulics.com/', 'https://www.ltfs.com/companies/lt-infra-finance.html', 'https://www.lntipm.org/', 'https://www.ltts.com/', 'https://www.larsentoubro.com/kuwait-construction/', 'https://www.lntmbda.com/', 'https://www.ltmetro.in/', 'https://www.lntmhipower.com/', 'https://www.lmtg.in/', 'https://www.lntpes.com/', 'https://www.lntrealty.com/', 'https://www.lntsnl.com/', 'https://www.ltshf.com/', 'https://lntsufin.com/', 'https://www.lntvalves.com/', 'https://www.lntnabhapower.com/', 'https://www.larsentoubro.com/power/', 'https://www.lnttrust.org/', 'https://www.ltmindia.com/', 'https://www.lntshipbuilding.com/', 'https://www.larsentoubro.com/skilltrainersacademy/', 'https://www.larsentoubro.com/#', 'https://www.larsentoubro.com/#', 'https://www.larsentoubro.com/#', 'https://www.larsentoubro.com/', 'https://www.larsentoubro.com/corporate/about-lt-group/', 'https://www.larsentoubro.com/corporate/about-lt-group/overview/', 'https://www.larsentoubro.com/corporate/about-lt-group/technology-for-growth/', 'https://www.larsentoubro.com/corporate/about-lt-group/awards-recognition/', 'http://annualreview.larsentoubro.com/', 'https://www.larsentoubro.com/corporate/about-lt-group/leadership/', 'https://www.larsentoubro.com/corporate/about-lt-group/facilities/', 'https://www.larsentoubro.com/corporate/about-lt-group/video-gallery/', 'https://www.larsentoubro.com/corporate/about-lt-group/vision/', 'https://www.larsentoubro.com/corporate/about-lt-group/experience-centre-mumbai/', 'https://www.larsentoubro.com/corporate/about-lt-group/corporate-policies/', 'https://www.larsentoubro.com/corporate/our-businesses/', 'https://www.lntsustainability.com/', 'https://www.lntsustainability.com/overview/', 'https://www.lntsustainability.com/climate-strategy/', 'https://www.lntsustainability.com/environment/', 'https://www.lntsustainability.com/green-business/', 'https://www.lntsustainability.com/sustainable-supply-chain/', 'https://www.lntsustainability.com/integrated-report/', 'https://www.lntsustainability.com/corporate-social-responsibility/', 'https://www.lntsustainability.com/sustainability-updates/', 'https://www.lntsustainability.com/health-safety/', 'https://www.lntsustainability.com/sustainable-development-goals/', 'https://www.larsentoubro.com/corporate/products-and-services/', 'https://www.larsentoubro.com/corporate/careers/', 'https://www.larsentoubro.com/corporate/careers/overview/', 'https://larsentoubrocareers.peoplestrong.com/', 'https://www.larsentoubro.com/corporate/careers/learning-development/', 'https://www.larsentoubro.com/corporate/careers/diversity-equity-inclusion/', 'https://www.larsentoubro.com/corporate/careers/recruitment-caution/', 'https://www.larsentoubro.com/corporate/careers/campus-recruitment/', 'https://www.larsentoubro.com/corporate/careers/renew-career-re-entry-for-women/', 'https://www.larsentoubro.com/corporate/media/', 'https://www.larsentoubro.com/corporate/contact-us/', 'https://investors.larsentoubro.com/', 'https://www.larsentoubro.com/#myAnchor', 'https://www.larsentoubro.com/#myAnchor', 'https://www.lntgreen.com/', 'https://www.lntecc.com/', 'https://www.lnthydrocarbon.com/', 'https://www.larsentoubro.com/power/', 'https://www.lntecc.com/we-are/our-businesses/minerals-metals/', 'https://www.larsentoubro.com/heavy-engineering/', 'https://www.lntpes.com/', 'https://www.lntshipbuilding.com/', 'https://lntcmb.com/', 'https://www.lntvalves.com/', 'https://www.ltimindtree.com/', 'https://www.ltts.com/', 'https://www.ltmetro.in/', 'https://www.ltfs.com/', 'https://www.lntrealty.com/', 'https://www.lntgreen.com/', 'https://www.lntecc.com/', 'https://www.lntsustainability.com/integrated-report/', 'https://www.lntsustainability.com/integrated-report/', 'https://www.lntsustainability.com/integrated-report/', 'https://www.lntsustainability.com/integrated-report/', 'https://www.lntsustainability.com/integrated-report/', 'https://www.lntsustainability.com/integrated-report/', 'https://www.lntsustainability.com/integrated-report/', 'https://www.larsentoubro.com/corporate/careers/campus-recruitment/', 'https://www.larsentoubro.com/corporate/careers/learning-development/', 'https://www.lntsustainability.com/corporate-social-responsibility/', 'https://www.larsentoubro.com/media/ng0ljal2/2025-01-30-financial-results-for-the-quarter-ended-december-31-2024.pdf', 'https://www.larsentoubro.com/corporate/media/press-releases/', 'https://www.larsentoubro.com/pressreleases/2025-03-13-lt-secures-an-overseas-order-large-for-water-effluent-treatment-business/', 'https://www.larsentoubro.com/corporate/media/press-releases/', 'https://www.larsentoubro.com/pressreleases/2025-03-05-lt-wins-orders-significant-for-buildings-factories-business/', 'https://www.larsentoubro.com/corporate/media/press-releases/', 'https://www.larsentoubro.com/pressreleases/2025-03-03-lt-wins-orders-large-for-power-transmission-distribution-business/', 'https://www.larsentoubro.com/corporate/media/', 'https://www.larsentoubro.com/corporate/careers/', 'https://www.linkedin.com/company/larsen-&-toubro-limited?trk=nmp_rec_act_company_photo', 'https://twitter.com/larsentoubro', 'https://www.youtube.com/LarsenToubroGroup', 'https://www.larsentoubro.com/corporate/about-lt-group/', 'https://www.larsentoubro.com/corporate/about-lt-group/overview/', 'https://www.larsentoubro.com/corporate/about-lt-group/technology-for-growth/', 'https://www.larsentoubro.com/corporate/about-lt-group/awards-recognition/', 'http://annualreview.larsentoubro.com/', 'https://www.larsentoubro.com/corporate/about-lt-group/leadership/', 'https://www.larsentoubro.com/corporate/about-lt-group/facilities/', 'https://www.larsentoubro.com/corporate/about-lt-group/video-gallery/', 'https://www.larsentoubro.com/corporate/about-lt-group/vision/', 'https://www.larsentoubro.com/corporate/about-lt-group/experience-centre-mumbai/', 'https://www.larsentoubro.com/corporate/about-lt-group/corporate-policies/', 'https://www.lntsustainability.com/', 'https://www.lntsustainability.com/overview/', 'https://www.lntsustainability.com/climate-strategy/', 'https://www.lntsustainability.com/environment/', 'https://www.lntsustainability.com/green-business/', 'https://www.lntsustainability.com/sustainable-supply-chain/', 'https://www.lntsustainability.com/integrated-report/', 'https://www.lntsustainability.com/corporate-social-responsibility/', 'https://www.lntsustainability.com/sustainability-updates/', 'https://www.lntsustainability.com/health-safety/', 'https://www.lntsustainability.com/sustainable-development-goals/', 'https://www.larsentoubro.com/corporate/careers/', 'https://www.larsentoubro.com/corporate/careers/overview/', 'https://www.larsentoubro.com/corporate/careers/current-openings/', 'https://www.larsentoubro.com/corporate/careers/learning-development/', 'https://www.larsentoubro.com/corporate/careers/diversity-equity-inclusion/', 'https://www.larsentoubro.com/corporate/careers/recruitment-caution/', 'https://www.larsentoubro.com/corporate/careers/campus-recruitment/', 'https://www.larsentoubro.com/corporate/careers/renew-career-re-entry-for-women/', 'https://www.larsentoubro.com/corporate/contact-us/', 'https://www.larsentoubro.com/corporate/contact-us/', 'https://www.larsentoubro.com/corporate/copyright-terms/', 'https://www.larsentoubro.com/corporate/privacy-policy/', 'https://www.larsentoubro.com/corporate/sitemap/', 'https://www.larsentoubro.com/#', 'https://bestvpn.org/outdatedbrowser/en', 'https://www.larsentoubro.com/#']","- Company Overview: Larsen & Toubro is a diversified company with a strong presence in heavy engineering, hydrocarbon, IT services, financial services, and construction sectors.
- Key Focus Areas: The company's key focus areas include sustainable development, technology adoption, diversified business portfolio, and international expansion.
- Potential Opportunities: Larsen & Toubro may benefit from investing further in sustainable technologies, expanding its presence in emerging markets, and exploring collaborations in the IT and financial services sectors."
Etsy,https://www.etsy.com/,[],"- Company Overview: This company operates in the tech industry offering a wide range of products and services through its online platform.
- Key Focus Areas: The company's focus areas include e-commerce, cloud services, and software development.
- Potential Opportunities: They could benefit from assistance in implementing AI technology, improving their mobile app user experience, and expanding their online security products."
Cvent,https://www.cvent.com/,"['https://www.cvent.com/in', 'https://www.cvent.com/#skip-location-content', 'https://www.cvent.com/en/event-marketing-management/online-demo?i_cid=od_urgencybanner_general', 'https://www.cvent.com/', 'https://www.cvent.com/en/event-marketing-management/event-registration-software', 'https://www.cvent.com/en/event-marketing-management/cvent-supplier-network', 'https://www.cvent.com/en/event-marketing-management/cvent-event-design-software', 'https://www.cvent.com/en/event-marketing-management/passkey-room-block-management', 'https://www.cvent.com/en/event-marketing-management/spend-workflow', 'https://www.cvent.com/en/event-marketing-management/content-management', 'https://www.cvent.com/en/event-marketing-management/exhibitor-management', 'https://www.cvent.com/en/event-marketing-management/mobile-event-apps', 'https://www.cvent.com/en/event-marketing-management/onarrival-event-check-in-software', 'https://www.cvent.com/en/event-marketing-management/attendee-hub', 'https://www.cvent.com/en/event-marketing-management/cvent-icapture', 'https://www.cvent.com/en/event-marketing-management/cvent-jifflenow', 'https://www.cvent.com/en/event-marketing-management/virtual-event-platform', 'https://www.cvent.com/en/event-marketing-management/webinar-platform', 'https://www.cvent.com/en/event-management-software/event-reporting', 'https://www.cvent.com/en/event-management-software/cvent-integrations', 'https://www.cvent.com/en/event-marketing-management/online-survey-software', 'https://www.cvent.com/en/event-marketing-management/lead-capture', 'https://www.cvent.com/en/event-marketing-management/events-plus', 'https://www.cvent.com/en/products', 'https://www.cvent.com/en/on-demand-demos', 'https://www.cvent.com/en/planner-solutions', 'https://www.cvent.com/en/association-solutions', 'https://www.cvent.com/en/event-marketing-management/financial-services-solutions', 'https://www.cvent.com/en/education-solutions', 'https://www.cvent.com/en/life-sciences', 'https://www.cvent.com/en/event-marketing-management/high-tech', 'https://www.cvent.com/en/event-marketing-management/solutions#cvent-paragraph-layout_content-923686', 'https://www.cvent.com/en/event-marketing-management/in-person-event-platform', 'https://www.cvent.com/en/event-marketing-management/hybrid-event-platform', 'https://www.cvent.com/en/event-marketing-management/virtual-event-platform', 'https://www.cvent.com/en/event-marketing-management/webinar-platform', 'https://www.cvent.com/en/event-marketing-management/conference-management', 'https://www.cvent.com/en/event-marketing-management/field-marketing-software', 'https://www.cvent.com/en/event-marketing-management/internal-events', 'https://www.cvent.com/en/event-marketing-management/networking-events', 'https://www.cvent.com/en/event-marketing-management/sales-kickoff-events', 'https://www.cvent.com/en/event-marketing-management/trade-show-solutions', 'https://www.cvent.com/en/event-management-software', 'https://www.cvent.com/en/event-marketing-platform', 'https://www.cvent.com/en/event-marketing-management/corporate-travel-management', 'https://www.cvent.com/en/event-management-software', 'https://www.cvent.com/en/resources', 'https://www.cvent.com/en/blog', 'https://www.cvent.com/en/case-studies', 'https://www.cvent.com/en/podcast', 'https://www.cvent.com/live-events-calendar', 'https://www.cvent.com/en/upcoming-webinars', 'https://community.cvent.com/home', 'https://www.cvent.com/en/cvent-certification', 'https://www.cvent.com/en/academy', 'https://support.cvent.com/s/knowledgebase', 'https://www.cvent.com/en/support/event-services', 'https://www.cvent.com/en/contact/support', 'https://www.cvent.com/en/resource/event/big-book-of-event-accessibility', 'https://www.cvent.com/en/company-overview', 'https://www.cvent.com/en/cvent-news-and-press-releases', 'https://www.cvent.com/en/event-marketing-management/accessibility', 'https://www.cvent.com/en/event-management-software/cvent-pricing', 'https://careers.cvent.com/', 'https://careers.cvent.com/life-at-cvent', 'https://www.cvent.com/en/become-partner', 'https://www.cvent.com/en/contact-us', 'https://www.cvent.com/en/contact/support', 'https://careers.cvent.com/jobs', 'https://www.cvent.com/en/supplier-venue', 'https://www.cvent.com/en/supplier-venue/group-marketing-solutions', 'https://www.cvent.com/en/supplier-venue/advertising', 'https://www.cvent.com/en/supplier-venue/planner-navigator', 'https://www.cvent.com/en/cvent-connect-2025-sponsor-and-exhibit', 'https://www.cvent.com/en/supplier-venue/cvent-vendor-marketplace', 'https://www.cvent.com/en/supplier-venue/group-sales-solutions', 'https://www.cvent.com/en/supplier-venue/3d-virtual-tour-software', 'https://www.cvent.com/en/supplier-venue/new-smart-custom-proposals', 'https://www.cvent.com/en/supplier-venue/instant-book', 'https://www.cvent.com/en/supplier-venue/cvent-lead-scoring', 'https://www.cvent.com/en/supplier-venue/group-operations-solutions', 'https://www.cvent.com/en/supplier-venue/event-diagramming-software', 'https://www.cvent.com/en/supplier-venue/passkey', 'https://www.cvent.com/en/supplier-venue/hotel-business-intelligence', 'https://www.cvent.com/en/supplier-venue/rfp-metrics', 'https://www.cvent.com/en/supplier-venue/business-travel-solutions', 'https://www.cvent.com/en/supplier-venue/transient-grow', 'https://www.cvent.com/en/supplier-venue/transient-manage', 'https://www.cvent.com/en/supplier-venue/transient-distribute', 'https://www.cvent.com/en/supplier-venue/transient-evaluate', 'https://www.cvent.com/en/request-demo', 'https://www.cvent.com/venues/', 'https://app.cvent.com/', 'https://www.cvent.com/en/request-demo', 'https://www.cvent.com/venues/', 'https://app.cvent.com/', 'https://www.cvent.com/en/event-management-software', 'https://www.cvent.com/en/request-demo', 'https://www.cvent.com/en/event-management-software/cvent-integrations', 'https://www.cvent.com/en/event-management-software/event-reporting', 'https://www.cvent.com/en/event-marketing-management/online-survey-software', 'https://www.cvent.com/en/event-marketing-management/lead-capture', 'https://www.cvent.com/en/event-marketing-management/engagement-score', 'https://www.cvent.com/en/event-marketing-management/spend-workflow', 'https://www.cvent.com/en/event-marketing-management/cvent-supplier-network', 'https://www.cvent.com/en/event-marketing-management/vendor-marketplace', 'https://www.cvent.com/en/event-management-software/passkey-room-block-management', 'https://www.cvent.com/en/event-marketing-management/cvent-event-design-software', 'https://www.cvent.com/en/event-marketing-management/appointments', 'https://www.cvent.com/en/event-marketing-management/mobile-event-apps', 'https://www.cvent.com/en/event-marketing-management/onarrival-event-check-in-software', 'https://www.cvent.com/en/event-marketing-management/virtual-event-platform', 'https://www.cvent.com/en/event-marketing-management/webinar-platform', 'https://www.cvent.com/event-marketing-management/event-registration-software', 'https://www.cvent.com/en/event-marketing-management/custom-event-websites', 'https://www.cvent.com/en/event-marketing-platform', 'https://www.cvent.com/en/event-marketing-management/content-management', 'https://www.cvent.com/en/event-marketing-management/exhibitor-management', 'https://www.cvent.com/en/event-marketing-management/spend-workflow', 'https://www.cvent.com/en/event-marketing-management/cvent-supplier-network', 'https://www.cvent.com/en/event-marketing-management/vendor-marketplace', 'https://www.cvent.com/en/event-management-software/passkey-room-block-management', 'https://www.cvent.com/en/event-marketing-management/cvent-event-design-software', 'https://www.cvent.com/event-marketing-management/event-registration-software', 'https://www.cvent.com/en/event-marketing-management/custom-event-websites', 'https://www.cvent.com/en/event-marketing-platform', 'https://www.cvent.com/en/event-marketing-management/content-management', 'https://www.cvent.com/en/event-marketing-management/exhibitor-management', 'https://www.cvent.com/en/event-marketing-management/appointments', 'https://www.cvent.com/en/event-marketing-management/mobile-event-apps', 'https://www.cvent.com/en/event-marketing-management/onarrival-event-check-in-software', 'https://www.cvent.com/en/event-marketing-management/virtual-event-platform', 'https://www.cvent.com/en/event-marketing-management/webinar-platform', 'https://www.cvent.com/en/event-management-software/cvent-integrations', 'https://www.cvent.com/en/event-management-software/event-reporting', 'https://www.cvent.com/en/event-marketing-management/online-survey-software', 'https://www.cvent.com/en/event-marketing-management/lead-capture', 'https://www.cvent.com/en/event-marketing-management/engagement-score', 'https://www.cvent.com/en/event-marketing-management/webinar-platform', 'https://www.cvent.com/en/event-marketing-management/in-person-event-platform', 'https://www.cvent.com/en/event-marketing-management/virtual-event-platform', 'https://www.cvent.com/en/event-marketing-management/hybrid-event-platform', 'https://www.cvent.com/en/event-marketing-management/event-registration-software', 'https://www.cvent.com/en/event-marketing-management/mobile-event-apps', 'https://www.cvent.com/en/event-marketing-management/onarrival-event-check-in-software', 'https://www.cvent.com/en/event-marketing-management/webinar-platform', 'https://www.cvent.com/en/event-marketing-management/attendee-hub', 'https://www.cvent.com/en/event-management-software/cvent-integrations', 'https://www.cvent.com/en/products-archive', 'https://www.cvent.com/venues', 'https://www.cventconnect.com/us2025?i_cid=connect_homepage_banner', 'https://www.cventconnect.com/us2025?i_cid=connect_homepageshelf_general', 'https://www.cvent.com/en/cvent-certification', 'https://www.cvent.com/en/resource/platform/2025-meetings-and-events-trends', 'https://www.cvent.com/en/blog/events/ai-tools-for-events', 'https://www.cvent.com/en/blog/events/event-trends', 'https://www.cvent.com/en/blog/events/event-marketing-guide', 'https://www.cvent.com/en/blog/events/event-strategy-guide', 'https://www.cvent.com/en/blog/events/guide-corporate-event-planning', 'https://accounts.app.cvent.com/paygo/signup', 'https://hello.cvent.com/subscriptionmanagement', 'https://www.cvent.com/en/privacy-policy', 'https://hello.cvent.com/subscriptionmanagement', 'https://www.cvent.com/en/privacy-policy', 'http://www.facebook.com/cvent', 'http://twitter.com/cvent', 'http://www.linkedin.com/companies/cvent', 'http://www.youtube.com/user/CventVideo', 'https://www.instagram.com/cvent_inc/', 'https://www.cvent.com/en/request-demo', 'https://www.cvent.com/en/event-management-software/cvent-pricing', 'https://www.cvent.com/en/contact-us', 'https://www.cvent.com/en/awards', 'https://careers.cvent.com/', 'https://www.cvent.com/en/investor-relations', 'https://www.cvent.com/en/management-team', 'https://www.cvent.com/en/cvent-news-and-press-releases', 'https://www.cvent.com/en/become-partner', 'https://www.cvent.com/en/event-marketing-management/event-registration-software', 'https://www.cvent.com/en/event-marketing-management/mobile-event-apps', 'https://www.cvent.com/en/event-marketing-management/attendee-hub-web', 'https://www.cvent.com/en/event-marketing-management/onarrival-event-check-in-software', 'https://www.cvent.com/en/event-marketing-management/webinar-platform', 'https://www.cvent.com/en/event-marketing-management/cvent-supplier-network', 'https://www.cvent.com/en/products-archive', 'https://www.cvent.com/en/blog', 'https://www.cvent.com/en/case-studies', 'https://www.cvent.com/en/upcoming-webinars?field_event_type_target_id%5B46%5D=46', 'https://www.cvent.com/venues/', 'https://www.cvent.com/meeting-event-planning', 'https://www.wedding-spot.com/', 'https://www.cvent.com/en/contact/support', 'https://community.cvent.com/', 'https://developers.cvent.com/', 'https://support.cvent.com/s/knowledgebase', 'https://www.cvent.com/en/security', 'https://www.cvent.com/en/academy', 'https://app.cvent.com/', 'https://www.cvent.com/en/supplier-venue/group-marketing-solutions', 'https://www.cvent.com/en/supplier-venue/group-sales-solutions', 'https://www.cvent.com/en/supplier-venue/group-operations-solutions', 'https://www.cvent.com/en/supplier-venue/hotel-business-intelligence', 'https://www.cvent.com/en/supplier-venue/business-travel-solutions', 'https://www.cvent.com/en/company/legal', 'https://www.cvent.com/en/privacy-policy', 'https://www.cvent.com/en/event-marketing-management/accessibility', 'https://www.cvent.com/en/product-terms-of-use', 'https://www.cvent.com/en/website-terms-use', 'https://www.cvent.com/personal-data-requests?ccpa=ca', 'https://policies.google.com/privacy', 'https://policies.google.com/terms', 'https://privacy.truste.com/privacy-seal/validation?rid=27cd9686-1974-453c-8589-f9a9722934d3', 'https://privacy.truste.com/privacy-seal/validation?rid=ee5750cf-90ca-4784-b0ba-09ae26595ced', 'https://www.cvent.com/uk', 'https://www.cvent.com/au', 'https://www.cvent.com/sg', 'https://www.cvent.com/ae', 'https://www.cvent.com/de', 'https://www.cvent.com/in', 'https://cookiepedia.co.uk/giving-consent-to-cookies', 'https://www.onetrust.com/products/cookie-consent/']","- Company Overview: Cvent is a company that specializes in event management software and solutions for businesses.
- Key Focus Areas: Their key focus areas include event marketing management, event registration software, virtual event platforms, and webinar platforms.
- Potential Opportunities: They may need help in enhancing their online survey software, lead capture solutions, and engagement scoring tools to further enhance their event management offerings. We can assist in providing solutions for these areas."
Only,https://www.only.in/,"['https://www.only.in/new-arrivals', 'https://www.only.in/', 'https://www.only.in/account', 'https://www.only.in/wishlist', 'https://www.only.in/on-all-product', 'https://www.only.in/fashion/jeans', 'https://www.only.in/fashion/jeans/jeans-boot-cut', 'https://www.only.in/fashion/jeans/jeans-comfort', 'https://www.only.in/fashion/jeans/jeans-regular', 'https://www.only.in/fashion/jeans/fashion-jeans-right-fit', 'https://www.only.in/fashion/jeans/jeans-skinny', 'https://www.only.in/fashion/jeans/jeans-slim', 'https://www.only.in/fashion/jeans/only-ripped-jeans', 'https://www.only.in/fashion/jeans/straight', 'https://www.only.in/fashion/jeans/wide', 'https://www.only.in/fashion/jeans/jeans-jeggings', 'https://www.only.in/fashion/fashion-shirts-shirts-and-tops', 'https://www.only.in/fashion/fashion-shirts-shirts-and-tops/t-shirt-top-tops', 'https://www.only.in/fashion/fashion-shirts-shirts-and-tops/t-shirt-top-tops/only-crop-top', 'https://www.only.in/fashion/fashion-shirts-shirts-and-tops/t-shirt-top-tops/only-fashion-shirts-and-tops-floral-tops', 'https://www.only.in/fashion/fashion-shirts-shirts-and-tops/t-shirt-top-tops', 'https://www.only.in/fashion/fashion-shirts-shirts-and-tops/fashion-shirts', 'https://www.only.in/fashion/fashion-shirts-shirts-and-tops/fashion-shirts/printed-shirts-for-women', 'https://www.only.in/fashion/fashion-dresses-jumpsuits', 'https://www.only.in/fashion/fashion-dresses-jumpsuits/dresses-and-jumpsuits-bodycon', 'https://www.only.in/fashion/fashion-dresses-jumpsuits/dresses-and-jumpsuits-fit-flare', 'https://www.only.in/fashion/fashion-dresses-jumpsuits/dresses-and-jumpsuits-jumpsuit', 'https://www.only.in/fashion/fashion-dresses-jumpsuits/dresses-and-jumpsuits-maxi', 'https://www.only.in/fashion/fashion-dresses-jumpsuits/dresses-and-jumpsuits-midi', 'https://www.only.in/fashion/fashion-dresses-jumpsuits/dresses-and-jumpsuits-mini', 'https://www.only.in/fashion/fashion-dresses-jumpsuits/dresses-and-jumpsuits-shift', 'https://www.only.in/fashion/fashion-dresses-jumpsuits/dresses-and-jumpsuits-shirt', 'https://www.only.in/fashion/fashion-dresses-jumpsuits/dresses-and-jumpsuits-playsuit', 'https://www.only.in/fashion/fashion-dresses-jumpsuits/only-fashion-dresses-and-jumpsuits-floral-dresses', 'https://www.only.in/fashion/fashion-bottomwear', 'https://www.only.in/fashion/fashion-bottomwear/jeans-joggers', 'https://www.only.in/fashion/fashion-bottomwear/bottomwear-culottes', 'https://www.only.in/fashion/fashion-bottomwear/bottomwear-leggings', 'https://www.only.in/fashion/fashion-bottomwear/bottomwear-pants', 'https://www.only.in/fashion/fashion-bottomwear/fashion-bottomwear-cargo-pants', 'https://www.only.in/fashion/fashion-on-skirts-and-shorts', 'https://www.only.in/fashion/fashion-on-skirts-and-shorts/fashion-on-skirts-and-shorts-skorts', 'https://www.only.in/fashion/fashion-on-skirts-and-shorts/fashion-skirts', 'https://www.only.in/fashion/fashion-on-skirts-and-shorts/bottomwear-shorts', 'https://www.only.in/fashion/t-shirt-top', 'https://www.only.in/fashion/t-shirt-top/on-fashion-printed-t-shirts-for-women', 'https://www.only.in/fashion/t-shirt-top/tees-on-fashion', 'https://www.only.in/fashion/fashion-jackets', 'https://www.only.in/fashion/fashion-jackets/fashion-jackets-biker-jackets', 'https://www.only.in/fashion/fashion-jackets/fashion-jackets-bomber-jackets', 'https://www.only.in/fashion/fashion-jackets/fashion-jackets-casual-jackets', 'https://www.only.in/fashion/fashion-jackets/fashion-jackets-denim-jackets', 'https://www.only.in/fashion/fashion-jackets/only-puffer-jackets-fashion', 'https://www.only.in/fashion/fashion-athleisure', 'https://www.only.in/fashion/fashion-athleisure/active-wear-sweatpants', 'https://www.only.in/fashion/fashion-athleisure/active-wear-sweatshirts', 'https://www.only.in/fashion/fashion-athleisure/athleisure-only-play-sweats', 'https://www.only.in/fashion/fashion-athleisure/athleisure-only-play-bottomwear', 'https://www.only.in/fashion/fashion-athleisure/athleisure-only-play-tops-t-shirt', 'https://www.only.in/fashion/fashion-athleisure/athleisure-only-play-sports-bra', 'https://www.only.in/fashion/fashion-outerwear', 'https://www.only.in/fashion/fashion-outerwear/outerwear-blazers', 'https://www.only.in/fashion/fashion-outerwear/fashion-only-knitwear-pullovers', 'https://www.only.in/fashion/fashion-outerwear/fashion-only-knitwear-cardigans', 'https://www.only.in/fashion/fashion-outerwear/fashion-sweater', 'https://www.only.in/fashion/fashion-outerwear/outerwear-coats', 'https://www.only.in/fashion/fashion-accessories', 'https://www.only.in/fashion/fashion-accessories/accessories-bags-belts-wallets', 'https://www.only.in/fashion/fashion-accessories/accessories-caps', 'https://www.only.in/fashion/fashion-accessories/accessories-sunglasses', 'https://www.only.in/fashion/fashion-accessories/accessories-gloves', 'https://www.only.in/fashion/fashion-accessories/fashion-footwear', 'https://www.only.in/fashion/fashion-accessories/only-58495', 'https://www.only.in/fashion/fashion-accessories/accessories-hair-accessories', 'https://www.only.in/fashion/fashion-accessories/accessories-belts', 'https://www.only.in/new-arrivals', 'https://www.only.in/new-arrivals/new-arrivals-jeans', 'https://www.only.in/new-arrivals/new-arrivals-jeans/new-arrival-jeans-boot-cut', 'https://www.only.in/new-arrivals/new-arrivals-jeans/jeans-on-new-arrivals-wide-leg', 'https://www.only.in/new-arrivals/new-arrivals-jeans/jeans-on-new-arrivals-straight', 'https://www.only.in/new-arrivals/new-arrivals-jeans/new-arrival-jeans-comfort', 'https://www.only.in/new-arrivals/new-arrivals-jeans/new-arrival-jeans-regular', 'https://www.only.in/new-arrivals/new-arrivals-jeans/new-arrivals-jeans-right-fit', 'https://www.only.in/new-arrivals/new-arrivals-jeans/new-arrival-jeans-skinny', 'https://www.only.in/new-arrivals/new-arrivals-tops-tees', 'https://www.only.in/new-arrivals/new-arrivals-tops-tees/on-new-in-printed-t-shirts-for-women', 'https://www.only.in/new-arrivals/new-arrivals-tops-tees/tees-on-new-in', 'https://www.only.in/new-arrivals/new-arrivals-shirts', 'https://www.only.in/new-arrivals/new-arrivals-shirts/new-arrival-tops', 'https://www.only.in/new-arrivals/new-arrivals-shirts/new-arrival-tops/new-arrival-tops-crop-top', 'https://www.only.in/new-arrivals/new-arrivals-shirts/new-arrival-tops/only-new-in-shirts-and-tops-floral-tops', 'https://www.only.in/new-arrivals/new-arrivals-shirts/new-arrivals-shirts-shirts-and-tops', 'https://www.only.in/new-arrivals/new-arrivals-shirts/new-arrivals-shirts-shirts-and-tops/new-arrivals-printed-shirts-for-women', 'https://www.only.in/new-arrivals/new-arrivals-on-skirts-and-shorts', 'https://www.only.in/new-arrivals/new-arrivals-on-skirts-and-shorts/new-arrivals-on-skirts-and-shorts-skorts', 'https://www.only.in/new-arrivals/new-arrivals-on-skirts-and-shorts/new-arrivals-skirts', 'https://www.only.in/new-arrivals/new-arrivals-on-skirts-and-shorts/new-arrival-shorts', 'https://www.only.in/new-arrivals/new-arrivals-dresses-jumpsuits', 'https://www.only.in/new-arrivals/new-arrivals-dresses-jumpsuits/new-arrival-bodycon', 'https://www.only.in/new-arrivals/new-arrivals-dresses-jumpsuits/new-arrival-fit-flare', 'https://www.only.in/new-arrivals/new-arrivals-dresses-jumpsuits/new-arrival-jumpsuit', 'https://www.only.in/new-arrivals/new-arrivals-dresses-jumpsuits/new-arrival-midi', 'https://www.only.in/new-arrivals/new-arrivals-dresses-jumpsuits/new-arrival-mini', 'https://www.only.in/new-arrivals/new-arrivals-dresses-jumpsuits/new-arrival-shift', 'https://www.only.in/new-arrivals/new-arrivals-dresses-jumpsuits/new-arrival-maxi', 'https://www.only.in/new-arrivals/new-arrivals-dresses-jumpsuits/new-arrival-playsuit', 'https://www.only.in/new-arrivals/new-arrivals-dresses-jumpsuits/new-arrival-shirt', 'https://www.only.in/new-arrivals/new-arrivals-dresses-jumpsuits/only-new-in-dress-and-jumpsuits-floral-dressess', 'https://www.only.in/new-arrivals/new-arrivals-bottom-wear', 'https://www.only.in/new-arrivals/new-arrivals-bottom-wear/new-arrival-leggings', 'https://www.only.in/new-arrivals/new-arrivals-bottom-wear/new-arrival-pants', 'https://www.only.in/new-arrivals/new-arrivals-bottom-wear/new-arrival-culottes', 'https://www.only.in/new-arrivals/new-arrivals-athleisure', 'https://www.only.in/new-arrivals/new-arrivals-athleisure/new-arrival-sweatshirts', 'https://www.only.in/new-arrivals/new-arrivals-outerwear', 'https://www.only.in/new-arrivals/new-arrivals-outerwear/new-arrival-blazers', 'https://www.only.in/new-arrivals/new-arrivals-outerwear/new-arrival-cardigans-pullovers', 'https://www.only.in/new-arrivals/new-arrivals-outerwear/new-arrivals-sweater', 'https://www.only.in/new-arrivals/new-arrival-jackets', 'https://www.only.in/new-arrivals/new-arrival-jackets/only-new-arrival-casual-jackets', 'https://www.only.in/new-arrivals/new-arrival-jackets/only-new-arrival-bomber-jackets', 'https://www.only.in/new-arrivals/new-arrival-jackets/only-new-arrival-denim-jackets', 'https://www.only.in/new-arrivals/new-arrivals-accessories', 'https://www.only.in/new-arrivals/new-arrivals-accessories/new-arrival-only-belt', 'https://www.only.in/new-arrivals/new-arrivals-accessories/new-arrival-bags-belts-and-wallets', 'https://www.only.in/new-arrivals/new-arrivals-accessories/new-arrival-caps', 'https://www.only.in/new-arrivals/new-arrivals-accessories/new-arrival-sunglasses', 'https://www.only.in/new-arrivals/new-arrivals-accessories/new-arrival-footwear', 'https://www.only.in/only-travel-ready-fits', 'https://www.only.in/only-travel-ready-fits/only-travel-ready-fits-shirts-and-tops', 'https://www.only.in/only-travel-ready-fits/only-travel-ready-fits-shirts-and-tops/only-travel-ready-fits-tops', 'https://www.only.in/only-travel-ready-fits/only-travel-ready-fits-shirts-and-tops/only-travel-ready-fits-shirts', 'https://www.only.in/only-travel-ready-fits/only-travel-ready-fits-dresses-and-jumpsuits', 'https://www.only.in/only-travel-ready-fits/only-travel-ready-fits-dresses-and-jumpsuits/only-travel-ready-fits-jumpsuits', 'https://www.only.in/only-travel-ready-fits/only-travel-ready-fits-skirts-and-shorts', 'https://www.only.in/only-travel-ready-fits/only-travel-ready-fits-skirts-and-shorts/only-travel-ready-fits-skirts', 'https://www.only.in/only-travel-ready-fits/only-travel-ready-fits-skirts-and-shorts/only-travel-ready-fits-shorts-op', 'https://www.only.in/only-travel-ready-fits/only-travel-ready-fits-athleisure', 'https://www.only.in/only-travel-ready-fits/only-travel-ready-fits-athleisure/only-travel-ready-fits-sweatpants', 'https://www.only.in/only-travel-ready-fits/only-travel-ready-fits-athleisure/only-travel-ready-fits-sweatshirts', 'https://www.only.in/only-travel-ready-fits/only-travel-ready-fits-jackets', 'https://www.only.in/only-travel-ready-fits/only-travel-ready-fits-jackets/only-travel-ready-fits-denim-jackets', 'https://www.only.in/only-travel-ready-fits/only-travel-ready-fits-jackets/only-travel-ready-fits-puffer-and-parka-jackets', 'https://www.only.in/only-travel-ready-fits/only-travel-ready-fits-bottomwear', 'https://www.only.in/only-travel-ready-fits/only-travel-ready-fits-bottomwear/only-travel-ready-fits-leggings', 'https://www.only.in/only-travel-ready-fits/only-travel-ready-fits-bottomwear/only-travel-ready-fits-casual-pants', 'https://www.only.in/only-travel-ready-fits/only-travel-ready-fits-outerwear', 'https://www.only.in/only-travel-ready-fits/only-travel-ready-fits-outerwear/only-travel-ready-fits-cardigans-and-pullovers', 'https://www.only.in/only-travel-ready-fits/only-travel-ready-fits-accessories', 'https://www.only.in/only-travel-ready-fits/only-travel-ready-fits-accessories/only-travel-ready-fits-bags', 'https://www.only.in/only-travel-ready-fits/only-travel-ready-fits-accessories/only-travel-ready-fits-caps-and-hats', 'https://www.only.in/jeans', 'https://www.only.in/fashion/jeans/jeans-boot-cut', 'https://www.only.in/fashion/jeans/wide', 'https://www.only.in/fashion/jeans/straight', 'https://www.only.in/fashion/jeans/only-ripped-jeans', 'https://www.only.in/fashion/jeans/jeans-comfort', 'https://www.only.in/fashion/jeans/jeans-regular', 'https://www.only.in/fashion/jeans/fashion-jeans-right-fit', 'https://www.only.in/fashion/jeans/fashion-jeans-right-fit/only-titanium-fit', 'https://www.only.in/fashion/jeans/fashion-jeans-right-fit/only-carmen-fit', 'https://www.only.in/fashion/jeans/fashion-jeans-right-fit/only-emily-fit', 'https://www.only.in/fashion/jeans/fashion-jeans-right-fit/only-paola-fit', 'https://www.only.in/fashion/jeans/fashion-jeans-right-fit/only-erin-fit', 'https://www.only.in/fashion/jeans/jeans-skinny', 'https://www.only.in/fashion/jeans/jeans-slim', 'https://www.only.in/fashion/jeans/jeans-jeggings', 'https://www.only.in/only-after-party', 'https://www.only.in/only-after-party/only-after-party-jeans', 'https://www.only.in/only-after-party/only-after-party-jeans/only-after-party-bootcut', 'https://www.only.in/only-after-party/only-after-party-jeans/only-after-party-regular', 'https://www.only.in/only-after-party/only-after-party-jeans/only-after-party-skinny', 'https://www.only.in/only-after-party/only-after-party-tees', 'https://www.only.in/only-after-party/only-after-party-dresses-and-jumpsuits', 'https://www.only.in/only-after-party/only-after-party-dresses-and-jumpsuits/only-after-party-fit-and-flare', 'https://www.only.in/only-after-party/only-after-party-dresses-and-jumpsuits/only-after-party-jumpsuits', 'https://www.only.in/only-after-party/only-after-party-dresses-and-jumpsuits/only-after-party-maxi', 'https://www.only.in/only-after-party/only-after-party-dresses-and-jumpsuits/only-after-party-midi', 'https://www.only.in/only-after-party/only-after-party-dresses-and-jumpsuits/only-after-party-mini', 'https://www.only.in/only-after-party/only-after-party-dresses-and-jumpsuits/only-after-party-shift', 'https://www.only.in/only-after-party/only-after-party-dresses-and-jumpsuits/only-after-party-shirt-dress', 'https://www.only.in/only-after-party/only-after-party-shirts-and-tops', 'https://www.only.in/only-after-party/only-after-party-shirts-and-tops/only-after-party-shirts', 'https://www.only.in/only-after-party/only-after-party-shirts-and-tops/only-after-party-tops', 'https://www.only.in/only-after-party/only-after-party-bottomwear', 'https://www.only.in/only-after-party/only-after-party-bottomwear/only-after-party-cargo-pants', 'https://www.only.in/only-after-party/only-after-party-bottomwear/only-after-party-casual-pants', 'https://www.only.in/only-after-party/only-after-party-outerwear', 'https://www.only.in/only-after-party/only-after-party-outerwear/only-after-party-blazers', 'https://www.only.in/only-after-party/only-after-party-outerwear/only-after-party-cardigans', 'https://www.only.in/only-after-party/only-after-party-outerwear/only-after-party-pullovers', 'https://www.only.in/only-after-party/only-after-party-accessories', 'https://www.only.in/only-after-party/only-after-party-accessories/only-after-party-bags', 'https://www.only.in/only-after-party/only-after-party-accessories/only-after-party-belts', 'https://www.only.in/only-after-party/only-after-party-accessories/only-after-party-caps-and-hats', 'https://www.only.in/only-after-party/only-after-party-jackets', 'https://www.only.in/only-after-party/only-after-party-jackets/only-after-party-biker-jackets', 'https://www.only.in/only-after-party/only-after-party-jackets/only-after-party-casual-jackets', 'https://www.only.in/only-after-party/only-after-party-jackets/only-after-party-denim-jackets', 'https://www.only.in/only-after-party/only-after-party-jackets/only-after-party-puffer-and-parka-jackets', 'https://www.only.in/only-after-party/only-after-party-jackets/only-after-party-teddy-and-sherpa-jackets', 'https://www.only.in/only-after-party/only-after-party-skirts-and-shorts', 'https://www.only.in/only-after-party/only-after-party-skirts-and-shorts/only-after-party-shorts', 'https://www.only.in/only-after-party/only-after-party-skirts-and-shorts/only-after-party-skirts', 'https://www.only.in/fashion-shirts', 'https://www.only.in/fashion-dresses-jumpsuits', 'https://www.only.in/fashion/fashion-dresses-jumpsuits/only-fashion-dresses-and-jumpsuits-floral-dresses', 'https://www.only.in/fashion/fashion-dresses-jumpsuits/dresses-and-jumpsuits-shirt', 'https://www.only.in/fashion/fashion-dresses-jumpsuits/dresses-and-jumpsuits-bodycon', 'https://www.only.in/fashion/fashion-dresses-jumpsuits/dresses-and-jumpsuits-fit-flare', 'https://www.only.in/fashion/fashion-dresses-jumpsuits/dresses-and-jumpsuits-jumpsuit', 'https://www.only.in/fashion/fashion-dresses-jumpsuits/dresses-and-jumpsuits-maxi', 'https://www.only.in/fashion/fashion-dresses-jumpsuits/dresses-and-jumpsuits-midi', 'https://www.only.in/fashion/fashion-dresses-jumpsuits/dresses-and-jumpsuits-mini', 'https://www.only.in/fashion/fashion-dresses-jumpsuits/dresses-and-jumpsuits-playsuit', 'https://www.only.in/fashion/fashion-dresses-jumpsuits/dresses-and-jumpsuits-shift', 'https://www.only.in/co-ord-sets-only', 'https://www.only.in/upto-50-only', 'https://www.only.in/upto-50-only/upto-50-jeans-only', 'https://www.only.in/upto-50-only/upto-50-jeans-only/upto-50-only-boot-cut', 'https://www.only.in/upto-50-only/upto-50-jeans-only/jeans-on-upto-50-only-wide-leg', 'https://www.only.in/upto-50-only/upto-50-jeans-only/jeans-on-upto-50-only-straight', 'https://www.only.in/upto-50-only/upto-50-jeans-only/jeans-on-upto-50-only-ripped', 'https://www.only.in/upto-50-only/upto-50-jeans-only/upto-50-only-comfort', 'https://www.only.in/upto-50-only/upto-50-jeans-only/upto-50-only-regular', 'https://www.only.in/upto-50-only/upto-50-jeans-only/upto-50-jeans-only-right-fit', 'https://www.only.in/upto-50-only/upto-50-jeans-only/upto-50-only-skinny', 'https://www.only.in/upto-50-only/upto-50-jeans-only/upto-50-only-slim', 'https://www.only.in/upto-50-only/upto-50-jeans-only/upto-50-jeans-only-jeggings', 'https://www.only.in/upto-50-only/upto-50-tops-and-tees-only', 'https://www.only.in/upto-50-only/upto-50-tops-and-tees-only/on-sale-printed-t-shirts-for-women', 'https://www.only.in/upto-50-only/upto-50-tops-and-tees-only/tees-on-sale', 'https://www.only.in/upto-50-only/upto-50-shirts-only', 'https://www.only.in/upto-50-only/upto-50-shirts-only/upto-50-shirts-only-shirts-and-tops', 'https://www.only.in/upto-50-only/upto-50-shirts-only/upto-50-shirts-only-shirts-and-tops/upto-50-only-printed-shirts-for-women', 'https://www.only.in/upto-50-only/upto-50-shirts-only/upto-50-only-tops', 'https://www.only.in/upto-50-only/upto-50-shirts-only/upto-50-only-tops/upto-50-only-tops-crop-top', 'https://www.only.in/upto-50-only/upto-50-shirts-only/upto-50-only-tops/only-upto-50-shirts-shirts-and-tops-floral-tops', 'https://www.only.in/upto-50-only/upto-50-shirts-only/upto-50-only-tops', 'https://www.only.in/upto-50-only/upto-50-dresses-and-jumpsuits-only', 'https://www.only.in/upto-50-only/upto-50-dresses-and-jumpsuits-only/upto-50-only-shirt', 'https://www.only.in/upto-50-only/upto-50-dresses-and-jumpsuits-only/upto-50-only-bodycon', 'https://www.only.in/upto-50-only/upto-50-dresses-and-jumpsuits-only/upto-50-only-fit-and-flare', 'https://www.only.in/upto-50-only/upto-50-dresses-and-jumpsuits-only/upto-50-only-jumpsuit', 'https://www.only.in/upto-50-only/upto-50-dresses-and-jumpsuits-only/upto-50-only-maxi', 'https://www.only.in/upto-50-only/upto-50-dresses-and-jumpsuits-only/upto-50-only-midi', 'https://www.only.in/upto-50-only/upto-50-dresses-and-jumpsuits-only/upto-50-only-mini', 'https://www.only.in/upto-50-only/upto-50-dresses-and-jumpsuits-only/upto-50-only-playsuit', 'https://www.only.in/upto-50-only/upto-50-dresses-and-jumpsuits-only/upto-50-only-shift', 'https://www.only.in/upto-50-only/upto-50-dresses-and-jumpsuits-only/only-upto-50-dress-and-jumpsuits-floral-dressess', 'https://www.only.in/upto-50-only/upto-50-bottomwear-only', 'https://www.only.in/upto-50-only/upto-50-bottomwear-only/upto-50-only-culottes', 'https://www.only.in/upto-50-only/upto-50-bottomwear-only/upto-50-only-leggings', 'https://www.only.in/upto-50-only/upto-50-bottomwear-only/upto-50-only-pants', 'https://www.only.in/upto-50-only/upto-50-bottomwear-only/upto-50-only-joggers', 'https://www.only.in/upto-50-only/upto-50-only-on-skirts-and-shorts', 'https://www.only.in/upto-50-only/upto-50-only-on-skirts-and-shorts/upto-50-only-on-skirts-and-shorts-skorts', 'https://www.only.in/upto-50-only/upto-50-only-on-skirts-and-shorts/upto-50-skirts-only', 'https://www.only.in/upto-50-only/upto-50-only-on-skirts-and-shorts/upto-50-only-shorts', 'https://www.only.in/upto-50-only/upto-50-athleisure-only', 'https://www.only.in/upto-50-only/upto-50-athleisure-only/upto-50-only-sweatpants', 'https://www.only.in/upto-50-only/upto-50-athleisure-only/upto-50-only-sweatshirts', 'https://www.only.in/upto-50-only/upto-50-athleisure-only/sale-athleisure-onp-bottomwear', 'https://www.only.in/upto-50-only/upto-50-athleisure-only/sale-athleisure-onp-bottomwear/sale-athleisure-onp-joggers', 'https://www.only.in/upto-50-only/upto-50-athleisure-only/sale-athleisure-onp-bottomwear/sale-athleisure-onp-training-tights', 'https://www.only.in/upto-50-only/upto-50-athleisure-only/sale-athleisure-onp-bottomwear/sale-athleisure-onp-training-shorts', 'https://www.only.in/upto-50-only/upto-50-athleisure-only/sale-athleisure-onp-bottomwear/sale-athleisure-onp-bottomwear-training-skorts', 'https://www.only.in/upto-50-only/upto-50-athleisure-only/sale-athleisure-onp-bottomwear/sale-athleisure-onp-bottomwear-running-tights', 'https://www.only.in/upto-50-only/upto-50-athleisure-only/sale-athleisure-onp-sweats', 'https://www.only.in/upto-50-only/upto-50-athleisure-only/sale-athleisure-onp-sweats/sale-athleisure-onp-sweatshirts', 'https://www.only.in/upto-50-only/upto-50-athleisure-only/sale-athleisure-onp-tops-t-shirt', 'https://www.only.in/upto-50-only/upto-50-athleisure-only/sale-athleisure-onp-tops-t-shirt/sale-athleisure-onp-tops', 'https://www.only.in/upto-50-only/upto-50-athleisure-only/sale-athleisure-onp-tops-t-shirt/sale-athleisure-onp-tees', 'https://www.only.in/upto-50-only/upto-50-athleisure-only/sale-athleisure-onp-sports-bra', 'https://www.only.in/upto-50-only/upto-50-jackets-only', 'https://www.only.in/upto-50-only/upto-50-jackets-only/upto-50-jackets-only-teddy-and-sherpa-jackets', 'https://www.only.in/upto-50-only/upto-50-jackets-only/upto-50-only-biker-jackets', 'https://www.only.in/upto-50-only/upto-50-jackets-only/upto-50-only-bomber-jackets', 'https://www.only.in/upto-50-only/upto-50-jackets-only/upto-50-only-casual-jackets', 'https://www.only.in/upto-50-only/upto-50-jackets-only/upto-50-only-denim-jackets', 'https://www.only.in/upto-50-only/upto-50-jackets-only/upto-50-only-puffer-jackets', 'https://www.only.in/upto-50-only/upto-50-accessories-only', 'https://www.only.in/upto-50-only/upto-50-accessories-only/upto-50-only-belts', 'https://www.only.in/upto-50-only/upto-50-accessories-only/upto-50-only-bags-belts-and-wallets', 'https://www.only.in/upto-50-only/upto-50-accessories-only/upto-50-only-caps', 'https://www.only.in/upto-50-only/upto-50-accessories-only/upto-50-only-sunglasses', 'https://www.only.in/upto-50-only/upto-50-accessories-only/upto-50-only-hair-accessories', 'https://www.only.in/upto-50-only/upto-50-accessories-only/only-sale-mask-62192', 'https://www.only.in/upto-50-only/upto-50-accessories-only/upto-50-only-gloves', 'https://www.only.in/only-clearance-sale', 'https://www.only.in/only-exclusive', 'https://www.only.in/only-exclusive/only-exclusive-tees', 'https://www.only.in/only-exclusive/only-exclusive-shirts-and-tops', 'https://www.only.in/only-exclusive/only-exclusive-shirts-and-tops/only-exclusive-tops', 'https://www.only.in/only-exclusive/only-exclusive-shirts-and-tops/only-exclusive-shirts', 'https://www.only.in/only-exclusive/only-exclusive-dresses-and-jumpsuits', 'https://www.only.in/only-exclusive/only-exclusive-dresses-and-jumpsuits/only-exclusive-fit-and-flare', 'https://www.only.in/only-exclusive/only-exclusive-dresses-and-jumpsuits/only-exclusive-jumpsuits', 'https://www.only.in/only-exclusive/only-exclusive-dresses-and-jumpsuits/only-exclusive-maxi', 'https://www.only.in/only-exclusive/only-exclusive-dresses-and-jumpsuits/only-exclusive-midi', 'https://www.only.in/only-exclusive/only-exclusive-dresses-and-jumpsuits/only-exclusive-mini', 'https://www.only.in/only-exclusive/only-exclusive-dresses-and-jumpsuits/only-exclusive-shift', 'https://www.only.in/only-exclusive/only-exclusive-dresses-and-jumpsuits/only-exclusive-shirt-dress', 'https://www.only.in/only-exclusive/only-exclusive-jeans', 'https://www.only.in/only-exclusive/only-exclusive-jeans/only-exclusive-bootcut', 'https://www.only.in/only-exclusive/only-exclusive-jeans/only-exclusive-comfort', 'https://www.only.in/only-exclusive/only-exclusive-jeans/only-exclusive-regular', 'https://www.only.in/only-exclusive/only-exclusive-jeans/only-exclusive-skinny', 'https://www.only.in/only-exclusive/only-exclusive-jeans/only-exclusive-slim', 'https://www.only.in/only-exclusive/only-exclusive-jeans/only-exclusive-straight', 'https://www.only.in/only-exclusive/only-exclusive-bottomwear', 'https://www.only.in/only-exclusive/only-exclusive-bottomwear/only-exclusive-leggings', 'https://www.only.in/only-exclusive/only-exclusive-bottomwear/only-exclusive-casual-pants', 'https://www.only.in/only-exclusive/only-exclusive-athleisure', 'https://www.only.in/only-exclusive/only-exclusive-athleisure/only-exclusive-sweatpants', 'https://www.only.in/only-exclusive/only-exclusive-accessories', 'https://www.only.in/only-exclusive/only-exclusive-accessories/only-exclusive-bags', 'https://www.only.in/only-exclusive/only-exclusive-accessories/only-exclusive-caps-and-hats', 'https://www.only.in/order-history', 'https://www.only.in/?route=account/voucher&gv=9', 'https://www.only.in/only-peanuts-collection', 'https://www.only.in/new-arrivals', 'https://www.only.in/ananya-panday-s-top-picks', 'https://www.only.in/jeans?utm_source=web&utm_medium=hb1&utm_campaign=uniquedenims', 'https://www.only.in/only-timeless-glamour', 'https://www.only.in/new-arrivals', 'https://www.only.in/basics-only', 'https://www.only.in/fashion-shirts', 'https://www.only.in/#myCarousel84861720', 'https://www.only.in/#myCarousel84861720', 'https://www.only.in/901805801-jet-black', 'https://www.only.in/901805801-jet-black', 'https://www.only.in/901805701-dark-olive', 'https://www.only.in/901805701-dark-olive', 'https://www.only.in/901805601-seedpearl', 'https://www.only.in/901805601-seedpearl', 'https://www.only.in/901412601-cathay-spice', 'https://www.only.in/901412601-cathay-spice', 'https://www.only.in/901412201-cathay-spice', 'https://www.only.in/901412201-cathay-spice', 'https://www.only.in/901412001-cloud-dancer', 'https://www.only.in/901412001-cloud-dancer', 'https://www.only.in/901411401-amethyst-orchid', 'https://www.only.in/901411401-amethyst-orchid', 'https://www.only.in/901411301-cathay-spice', 'https://www.only.in/901411301-cathay-spice', 'https://www.only.in/901392301-lucent-white', 'https://www.only.in/901392301-lucent-white', 'https://www.only.in/901372401-light-blue-denim', 'https://www.only.in/901372401-light-blue-denim', 'https://www.only.in/901883401-lemon-verbena', 'https://www.only.in/901883401-lemon-verbena', 'https://www.only.in/901851801-citronelle', 'https://www.only.in/901851801-citronelle', 'https://www.only.in/901838501-canary-yellow', 'https://www.only.in/901838501-canary-yellow', 'https://www.only.in/901838401-lemon-verbena', 'https://www.only.in/901838401-lemon-verbena', 'https://www.only.in/901838302-dutch-canal', 'https://www.only.in/901838302-dutch-canal', 'https://www.only.in/901838301-fairy-tale', 'https://www.only.in/901838301-fairy-tale', 'https://www.only.in/901837901-birch', 'https://www.only.in/901837901-birch', 'https://www.only.in/901820002-cathay-spice', 'https://www.only.in/901820002-cathay-spice', 'https://www.only.in/901820001-mulberry', 'https://www.only.in/901820001-mulberry', 'https://www.only.in/901805901-seedpearl', 'https://www.only.in/901805901-seedpearl', 'https://www.only.in/901805801-jet-black', 'https://www.only.in/901805801-jet-black', 'https://www.only.in/901805701-dark-olive', 'https://www.only.in/901805701-dark-olive', 'https://www.only.in/901805601-seedpearl', 'https://www.only.in/901805601-seedpearl', 'https://www.only.in/901412601-cathay-spice', 'https://www.only.in/901412601-cathay-spice', 'https://www.only.in/901412201-cathay-spice', 'https://www.only.in/901412201-cathay-spice', 'https://www.only.in/901412001-cloud-dancer', 'https://www.only.in/901412001-cloud-dancer', 'https://www.only.in/901411401-amethyst-orchid', 'https://www.only.in/901411401-amethyst-orchid', 'https://www.only.in/901411301-cathay-spice', 'https://www.only.in/901411301-cathay-spice', 'https://www.only.in/901392301-lucent-white', 'https://www.only.in/901392301-lucent-white', 'https://www.only.in/901372401-light-blue-denim', 'https://www.only.in/901372401-light-blue-denim', 'https://www.only.in/901883401-lemon-verbena', 'https://www.only.in/901883401-lemon-verbena', 'https://www.only.in/901851801-citronelle', 'https://www.only.in/901851801-citronelle', 'https://www.only.in/901838501-canary-yellow', 'https://www.only.in/901838501-canary-yellow', 'https://www.only.in/901838401-lemon-verbena', 'https://www.only.in/901838401-lemon-verbena', 'https://www.only.in/901838302-dutch-canal', 'https://www.only.in/901838302-dutch-canal', 'https://www.only.in/901838301-fairy-tale', 'https://www.only.in/901838301-fairy-tale', 'https://www.only.in/901837901-birch', 'https://www.only.in/901837901-birch', 'https://www.only.in/901820002-cathay-spice', 'https://www.only.in/901820002-cathay-spice', 'https://www.only.in/901820001-mulberry', 'https://www.only.in/901820001-mulberry', 'https://www.only.in/901805901-seedpearl', 'https://www.only.in/901805901-seedpearl', 'https://www.only.in/jeans', 'https://www.only.in/co-ord-sets-only', 'https://www.only.in/fashion/t-shirt-top', 'https://www.only.in/fashion-shirts', 'https://www.only.in/fashion/fashion-on-skirts-and-shorts/fashion-skirts', 'https://www.only.in/?route=account/voucher&gv=9', 'https://www.only.in/fashion/fashion-shirts-shirts-and-tops/t-shirt-top-tops', 'https://www.only.in/fashion-dresses-jumpsuits', 'https://www.only.in/new-arrivals/117069701-medium-blue-denim', 'https://www.only.in/new-arrivals/901085101-gold-flake', 'https://www.only.in/new-arrivals/901388501-jet-black', 'https://www.only.in/new-arrivals/901270301-pink-lemonade', 'https://www.only.in/new-arrivals/117069701-medium-blue-denim', 'https://www.only.in/new-arrivals/901085101-gold-flake', 'https://www.only.in/new-arrivals/901388501-jet-black', 'https://www.only.in/new-arrivals/901270301-pink-lemonade', 'https://www.only.in/new-arrivals/117069701-medium-blue-denim', 'https://www.only.in/new-arrivals/901085101-gold-flake', 'https://www.only.in/store-locator?utm_source=web&utm_medium=hp&utm_campaign=freealterations', 'https://www.only.in/new-arrivals', 'https://www.veromoda.in/?utm_source=only-web&utm_medium=banner-homepage&utm_campaign=explore-other-brands', 'https://www.jackjones.in/junior', 'https://www.jackjones.in/?utm_source=only-web&utm_medium=banner-homepage&utm_campaign=explore-other-brands', 'https://www.selectedhomme.in/?utm_source=only-web&utm_medium=banner-homepage&utm_campaign=explore-other-brands', 'https://www.veromoda.in/vm-girls-clothing?utm_source=vmgirls-web&utm_medium=banner-homepage&utm_campaign=explore-other-brands', 'https://www.only.in/', 'https://www.only.in/jeans', 'https://www.only.in/t-shirt-top-tops', 'https://www.only.in/fashion-shirts', 'https://www.only.in/fashion-dresses-jumpsuits', 'http://skorts/', 'http://skorts/', 'https://www.only.in/fashion-on-skirts-and-shorts-skorts', 'https://www.only.in/fashion-bottomwear', 'https://www.only.in/fashion-athleisure', 'https://www.only.in/fashion-jackets', 'https://www.only.in/co-ord-sets-only', 'https://www.only.in/fashion-accessories', 'https://www.only.in/', 'https://www.facebook.com/ONLYIndia/', 'https://www.instagram.com/onlyindia/', 'https://www.pinterest.com/onlyindia/', 'https://www.only.in/only-aboutus', 'https://www.only.in/store-locator', 'https://images.bestsellerclothing.in/image/catalog/brandstore/only/custom/ONLY_SIZE_GUIDE_Final_Consolidated_13-08-2020.pdf', 'https://images.bestsellerclothing.in/live/image/catalog/brandstore/only/banner/onlyplaylookbook.pdf', 'https://www.only.in/order-history', 'https://www.only.in/frequently-asked-questions-only', 'https://blog.only.in/', 'https://images.bestsellerclothing.in/live/image/catalog/brandstore/only/banners/only-catalog-web.pdf', 'https://about.bestseller.com/', 'https://www.only.in/only-contact', 'https://www.only.in/?route=account/voucher&gv=9', 'https://only.clickpost.in/', 'https://www.only.in/privacy-policy-only', 'https://www.only.in/term-and-condition-only', 'https://www.only.in/#', 'https://www.only.in/fashion-dresses-jumpsuits', 'https://www.only.in/t-shirt-top-tops', 'https://www.only.in/t-shirt-top', 'https://www.only.in/fashion-shirts', 'https://www.only.in/on-fashion-printed-t-shirts-for-women', 'https://www.only.in/fashion-jackets', 'https://www.only.in/fashion-accessories', 'https://www.only.in/fashion-bottomwear', 'https://www.only.in/fashion-outerwear', 'https://www.only.in/fashion-athleisure', 'https://www.only.in/only-fashion-shirts-and-tops-floral-tops', 'https://www.only.in/fashion-skirts', 'https://www.only.in/bottomwear-shorts', 'https://www.only.in/fashion-on-skirts-and-shorts-skorts', 'https://www.only.in/co-ord-sets-only', 'https://www.only.in/only-crop-top', 'https://www.only.in/only-fashion-dresses-and-jumpsuits-floral-dresses', 'https://www.only.in/only-exclusive', 'https://www.only.in/winterwear-only', 'https://www.only.in/fashion-only-knitwear', 'https://www.only.in/fashion-bottomwear-cargo-pants', 'https://www.only.in/only-after-party', 'https://www.only.in/only-travel-ready-fits', 'https://www.only.in/fashion-only-knitwear-cardigans', 'https://www.only.in/fashion-only-knitwear-pullovers', 'https://www.only.in/only-after-party-dresses-and-jumpsuits', 'https://www.only.in/only-after-party-tops', 'https://www.only.in/upto-50-only', 'https://www.only.in/new-arrivals', 'https://www.only.in/#', 'https://www.only.in/pink-dress', 'https://www.only.in/red-tops', 'https://www.only.in/blue-tops', 'https://www.only.in/yellow-tops', 'https://www.only.in/pink-tops', 'https://www.only.in/on-gen-z-yellow', 'https://www.only.in/on-lime-green', 'https://www.only.in/only-black-edit', 'https://www.only.in/only-white-edit', 'https://www.only.in/on-barbiecore', 'https://www.only.in/only-mocha-mousse-brown', 'https://www.facebook.com/ONLYIndia/', 'https://twitter.com/onlyindia/', 'https://www.instagram.com/onlyindia/', 'https://www.only.in/only-contact', 'https://www.only.in/store-locator', 'https://images.bestsellerclothing.in/image/catalog/brandstore/only/custom/ONLY_SIZE_GUIDE_Final_Consolidated_13-08-2020.pdf', 'https://www.only.in/order-history', 'https://only.clickpost.in/', 'https://www.only.in/frequently-asked-questions-only', 'https://www.only.in/blog', 'https://appoint.store/?org_id=MjUy#/', 'https://www.only.in/e-gift-voucher-ol', 'https://www.only.in/only-aboutus', 'https://about.bestseller.com/', 'https://www.only.in/privacy-policy-only', 'https://www.only.in/term-and-condition-only', 'https://www.only.in/?route=account/voucher&gv=9', 'https://www.only.in/', 'https://www.only.in/', 'https://www.only.in/term-and-condition-only']","- **Company Overview:** This company is a fashion retailer specializing in women's clothing, including jeans, tops, dresses, skirts, and accessories.
- **Key Focus Areas:** The key focus areas of the company include jeans, t-shirts/tops, dresses, skirts, bottoms, outerwear, athleisure, jackets, and accessories. They seem to have a strong emphasis on denim as indicated by the various types of jeans listed in the sitemap.
- **Potential Opportunities:** There is a potential opportunity for the company to expand its product range further, especially in categories like knitwear, cardigans, pullovers, and potentially other niche areas in fashion that are not as prominently featured in the current sitemap.Additionally, the company might benefit from investing in online marketing strategies to enhance their online presence and reach a broader audience."
